url,state
DoctorProfileURL,State
https://aossm.secure.nonprofitsoapbox.com/find-a-doctor/record/0018W00001gKkB1QAK,Arkansas
https://aossm.secure.nonprofitsoapbox.com/find-a-doctor/record/0018W00001gKH9vQAG,Arkansas
https://aossm.secure.nonprofitsoapbox.com/find-a-doctor/record/0018W00001gKludQAC,Arkansas
https://aossm.secure.nonprofitsoapbox.com/find-a-doctor/record/0018W00001gJuO4QAK,Arkansas
https://aossm.secure.nonprofitsoapbox.com/find-a-doctor/record/0018W00001gK7aRQAS,Arkansas
https://aossm.secure.nonprofitsoapbox.com/find-a-doctor/record/0018W00001gKisgQAC,Arkansas
https://aossm.secure.nonprofitsoapbox.com/find-a-doctor/record/0018W00001gKU9nQAG,Arkansas
https://aossm.secure.nonprofitsoapbox.com/find-a-doctor/record/0018W00001gKZHIQA4,Arkansas
https://aossm.secure.nonprofitsoapbox.com/find-a-doctor/record/0018W00001gKLjDQAW,Arkansas
https://aossm.secure.nonprofitsoapbox.com/find-a-doctor/record/0018W00001gKdSHQA0,Arkansas
https://aossm.secure.nonprofitsoapbox.com/find-a-doctor/record/0018W00001gKOxFQAW,Arkansas
https://aossm.secure.nonprofitsoapbox.com/find-a-doctor/record/0018W00001gKZHhQAO,Arkansas
https://aossm.secure.nonprofitsoapbox.com/find-a-doctor/record/0018W00001gKKxlQAG,Arkansas
https://aossm.secure.nonprofitsoapbox.com/find-a-doctor/record/0018W00001gKFAWQA4,Arkansas
https://aossm.secure.nonprofitsoapbox.com/find-a-doctor/record/0018W00001gJtPZQA0,California
https://aossm.secure.nonprofitsoapbox.com/find-a-doctor/record/0018W00001gKaBoQAK,California
https://aossm.secure.nonprofitsoapbox.com/find-a-doctor/record/0018W00001gKgUnQAK,California
https://aossm.secure.nonprofitsoapbox.com/find-a-doctor/record/0018W00001gKWITQA4,California
https://aossm.secure.nonprofitsoapbox.com/find-a-doctor/record/0018W00001gKZNhQAO,California
https://aossm.secure.nonprofitsoapbox.com/find-a-doctor/record/0018W00001gKaN8QAK,Arkansas
https://aossm.secure.nonprofitsoapbox.com/find-a-doctor/record/0018W00001gKazSQAS,Arkansas
https://aossm.secure.nonprofitsoapbox.com/find-a-doctor/record/0018W00001gKQKNQA4,California
https://aossm.secure.nonprofitsoapbox.com/find-a-doctor/record/0018W00001gJuPfQAK,California
https://aossm.secure.nonprofitsoapbox.com/find-a-doctor/record/0018W00001gKfl9QAC,California
https://aossm.secure.nonprofitsoapbox.com/find-a-doctor/record/0018W00001gKkL4QAK,California
https://aossm.secure.nonprofitsoapbox.com/find-a-doctor/record/0018W00001gKFBpQAO,California
https://aossm.secure.nonprofitsoapbox.com/find-a-doctor/record/0018W00001gKb1pQAC,California
https://aossm.secure.nonprofitsoapbox.com/find-a-doctor/record/0018W00001gKiSbQAK,California
https://aossm.secure.nonprofitsoapbox.com/find-a-doctor/record/0018W00001gKZPDQA4,California
https://aossm.secure.nonprofitsoapbox.com/find-a-doctor/record/0018W00001gK63PQAS,California
https://aossm.secure.nonprofitsoapbox.com/find-a-doctor/record/0018W00001gKfG1QAK,California
https://aossm.secure.nonprofitsoapbox.com/find-a-doctor/record/0018W00001gK9gTQAS,California
https://aossm.secure.nonprofitsoapbox.com/find-a-doctor/record/0018W00001gKewXQAS,California
https://aossm.secure.nonprofitsoapbox.com/find-a-doctor/record/0018W00001gKkEVQA0,California
https://aossm.secure.nonprofitsoapbox.com/find-a-doctor/record/0018W00001gKBmnQAG,California
https://aossm.secure.nonprofitsoapbox.com/find-a-doctor/record/0018W00001gKZNLQA4,California
https://aossm.secure.nonprofitsoapbox.com/find-a-doctor/record/0018W00001gKFCZQA4,California
https://aossm.secure.nonprofitsoapbox.com/find-a-doctor/record/0018W00001gKIMYQA4,California
https://aossm.secure.nonprofitsoapbox.com/find-a-doctor/record/0018W00001gKEKnQAO,California
https://aossm.secure.nonprofitsoapbox.com/find-a-doctor/record/0018W00001gKkxHQAS,California
https://aossm.secure.nonprofitsoapbox.com/find-a-doctor/record/0018W00001siipXQAQ,California
https://aossm.secure.nonprofitsoapbox.com/find-a-doctor/record/0018W00001gJzmxQAC,California
https://aossm.secure.nonprofitsoapbox.com/find-a-doctor/record/0018W00001gJtbNQAS,California
https://aossm.secure.nonprofitsoapbox.com/find-a-doctor/record/0018W00001gKiMQQA0,California
https://aossm.secure.nonprofitsoapbox.com/find-a-doctor/record/0018W00001gKTCoQAO,California
https://aossm.secure.nonprofitsoapbox.com/find-a-doctor/record/0018W00001gKMCJQA4,California
https://aossm.secure.nonprofitsoapbox.com/find-a-doctor/record/0018W00001gKia8QAC,California
https://aossm.secure.nonprofitsoapbox.com/find-a-doctor/record/0018W00001gKkCeQAK,California
https://aossm.secure.nonprofitsoapbox.com/find-a-doctor/record/0018W00001gKRW3QAO,California
https://aossm.secure.nonprofitsoapbox.com/find-a-doctor/record/0018W00001gKeCkQAK,California
https://aossm.secure.nonprofitsoapbox.com/find-a-doctor/record/0018W00001gKicXQAS,California
https://aossm.secure.nonprofitsoapbox.com/find-a-doctor/record/0018W00001gKfqOQAS,California
https://aossm.secure.nonprofitsoapbox.com/find-a-doctor/record/0018W00001gKl5DQAS,California
https://aossm.secure.nonprofitsoapbox.com/find-a-doctor/record/0018W00001gKWHQQA4,California
https://aossm.secure.nonprofitsoapbox.com/find-a-doctor/record/0018W00001gKA8UQAW,California
https://aossm.secure.nonprofitsoapbox.com/find-a-doctor/record/0018W00001gKQhdQAG,California
https://aossm.secure.nonprofitsoapbox.com/find-a-doctor/record/0018W00001gKPnpQAG,California
https://aossm.secure.nonprofitsoapbox.com/find-a-doctor/record/0018W00001gK3WOQA0,California
https://aossm.secure.nonprofitsoapbox.com/find-a-doctor/record/0018W00001gKeg4QAC,California
https://aossm.secure.nonprofitsoapbox.com/find-a-doctor/record/0018W00001gKxhIQAS,California
https://aossm.secure.nonprofitsoapbox.com/find-a-doctor/record/0018W00001gKadOQAS,California
https://aossm.secure.nonprofitsoapbox.com/find-a-doctor/record/0018W00001gKF9zQAG,California
https://aossm.secure.nonprofitsoapbox.com/find-a-doctor/record/0018W00001gKO8PQAW,California
https://aossm.secure.nonprofitsoapbox.com/find-a-doctor/record/0018W00001gKMn8QAG,California
https://aossm.secure.nonprofitsoapbox.com/find-a-doctor/record/0018W00001gKwkBQAS,California
https://aossm.secure.nonprofitsoapbox.com/find-a-doctor/record/0018W00001gKZNSQA4,California
https://aossm.secure.nonprofitsoapbox.com/find-a-doctor/record/0018W00001gKFCwQAO,California
https://aossm.secure.nonprofitsoapbox.com/find-a-doctor/record/0018W00001gKfnjQAC,California
https://aossm.secure.nonprofitsoapbox.com/find-a-doctor/record/0018W00001gKg9vQAC,California
https://aossm.secure.nonprofitsoapbox.com/find-a-doctor/record/0018W00001gKidcQAC,California
https://aossm.secure.nonprofitsoapbox.com/find-a-doctor/record/0018W00001gJl86QAC,California
https://aossm.secure.nonprofitsoapbox.com/find-a-doctor/record/0018W00001gKmZAQA0,California
https://aossm.secure.nonprofitsoapbox.com/find-a-doctor/record/0018W00001gKkFVQA0,California
https://aossm.secure.nonprofitsoapbox.com/find-a-doctor/record/0018W00001gKeENQA0,California
https://aossm.secure.nonprofitsoapbox.com/find-a-doctor/record/0018W00001gKOznQAG,California
https://aossm.secure.nonprofitsoapbox.com/find-a-doctor/record/0018W00001gKK5BQAW,California
https://aossm.secure.nonprofitsoapbox.com/find-a-doctor/record/0018W00001gKY4dQAG,California
https://aossm.secure.nonprofitsoapbox.com/find-a-doctor/record/0018W00001gKkMSQA0,California
https://aossm.secure.nonprofitsoapbox.com/find-a-doctor/record/0018W00001gKmBtQAK,California
https://aossm.secure.nonprofitsoapbox.com/find-a-doctor/record/0018W00001simUzQAI,California
https://aossm.secure.nonprofitsoapbox.com/find-a-doctor/record/0018W00001gKi0TQAS,California
https://aossm.secure.nonprofitsoapbox.com/find-a-doctor/record/0018W00001gKFzRQAW,California
https://aossm.secure.nonprofitsoapbox.com/find-a-doctor/record/0018W00001gJl8fQAC,California
https://aossm.secure.nonprofitsoapbox.com/find-a-doctor/record/0018W00001gKMBeQAO,California
https://aossm.secure.nonprofitsoapbox.com/find-a-doctor/record/0018W00001gKRXRQA4,California
https://aossm.secure.nonprofitsoapbox.com/find-a-doctor/record/0018W00001gKl5QQAS,California
https://aossm.secure.nonprofitsoapbox.com/find-a-doctor/record/0018W00001gKe89QAC,California
https://aossm.secure.nonprofitsoapbox.com/find-a-doctor/record/0018W00001gKlWEQA0,California
https://aossm.secure.nonprofitsoapbox.com/find-a-doctor/record/0018W00001gKSoeQAG,California
https://aossm.secure.nonprofitsoapbox.com/find-a-doctor/record/0018W00001gKYgeQAG,California
https://aossm.secure.nonprofitsoapbox.com/find-a-doctor/record/0018W00001gKkaaQAC,California
https://aossm.secure.nonprofitsoapbox.com/find-a-doctor/record/0018W00001gKRVWQA4,California
https://aossm.secure.nonprofitsoapbox.com/find-a-doctor/record/0018W00001gKI7OQAW,California
https://aossm.secure.nonprofitsoapbox.com/find-a-doctor/record/0018W00001gKM1mQAG,California
https://aossm.secure.nonprofitsoapbox.com/find-a-doctor/record/0018W00001gKFRGQA4,California
https://aossm.secure.nonprofitsoapbox.com/find-a-doctor/record/0018W00001gKmYoQAK,California
https://aossm.secure.nonprofitsoapbox.com/find-a-doctor/record/0018W00001gKk1VQAS,California
https://aossm.secure.nonprofitsoapbox.com/find-a-doctor/record/0018W00001gKemgQAC,California
https://aossm.secure.nonprofitsoapbox.com/find-a-doctor/record/0018W00001gJz5SQAS,California
https://aossm.secure.nonprofitsoapbox.com/find-a-doctor/record/0018W00001gK9pcQAC,California
https://aossm.secure.nonprofitsoapbox.com/find-a-doctor/record/0018W00001gKCJbQAO,California
https://aossm.secure.nonprofitsoapbox.com/find-a-doctor/record/0018W00001gKMBZQA4,California
https://aossm.secure.nonprofitsoapbox.com/find-a-doctor/record/0018W00001gKF9jQAG,California
https://aossm.secure.nonprofitsoapbox.com/find-a-doctor/record/0018W00001gKVnwQAG,California
https://aossm.secure.nonprofitsoapbox.com/find-a-doctor/record/0018W00001gKWRHQA4,California
https://aossm.secure.nonprofitsoapbox.com/find-a-doctor/record/0018W00001gKDW3QAO,California
https://aossm.secure.nonprofitsoapbox.com/find-a-doctor/record/0018W00001gKlWUQA0,California
https://aossm.secure.nonprofitsoapbox.com/find-a-doctor/record/0018W00001gKgjpQAC,California
https://aossm.secure.nonprofitsoapbox.com/find-a-doctor/record/0018W00001gKmMCQA0,California
https://aossm.secure.nonprofitsoapbox.com/find-a-doctor/record/0018W00001gJtcgQAC,California
https://aossm.secure.nonprofitsoapbox.com/find-a-doctor/record/0018W00001gJuNrQAK,California
https://aossm.secure.nonprofitsoapbox.com/find-a-doctor/record/0018W00001gJl8bQAC,California
https://aossm.secure.nonprofitsoapbox.com/find-a-doctor/record/0018W00001gKMD4QAO,California
https://aossm.secure.nonprofitsoapbox.com/find-a-doctor/record/0018W00001gKmjoQAC,California
https://aossm.secure.nonprofitsoapbox.com/find-a-doctor/record/0018W00001gKRTkQAO,California
https://aossm.secure.nonprofitsoapbox.com/find-a-doctor/record/0018W00001gKVL3QAO,California
https://aossm.secure.nonprofitsoapbox.com/find-a-doctor/record/0018W00001gKjtqQAC,California
https://aossm.secure.nonprofitsoapbox.com/find-a-doctor/record/0018W00001gKji1QAC,California
https://aossm.secure.nonprofitsoapbox.com/find-a-doctor/record/0018W00001gKbg3QAC,California
https://aossm.secure.nonprofitsoapbox.com/find-a-doctor/record/0018W00001gKleyQAC,California
https://aossm.secure.nonprofitsoapbox.com/find-a-doctor/record/0018W00001gKZMHQA4,California
https://aossm.secure.nonprofitsoapbox.com/find-a-doctor/record/0018W00001gJrtVQAS,California
https://aossm.secure.nonprofitsoapbox.com/find-a-doctor/record/0018W00001gKi6fQAC,California
https://aossm.secure.nonprofitsoapbox.com/find-a-doctor/record/0018W00001gKjAWQA0,California
https://aossm.secure.nonprofitsoapbox.com/find-a-doctor/record/0018W00001gKkc3QAC,California
https://aossm.secure.nonprofitsoapbox.com/find-a-doctor/record/0018W00001gKM1vQAG,California
https://aossm.secure.nonprofitsoapbox.com/find-a-doctor/record/0018W00001gK0huQAC,California
https://aossm.secure.nonprofitsoapbox.com/find-a-doctor/record/0018W00001gJt3rQAC,California
https://aossm.secure.nonprofitsoapbox.com/find-a-doctor/record/0018W00001gKefnQAC,California
https://aossm.secure.nonprofitsoapbox.com/find-a-doctor/record/0018W00001gKlAQQA0,California
https://aossm.secure.nonprofitsoapbox.com/find-a-doctor/record/0018W00001gKlYpQAK,California
https://aossm.secure.nonprofitsoapbox.com/find-a-doctor/record/0018W00001gKSLGQA4,California
https://aossm.secure.nonprofitsoapbox.com/find-a-doctor/record/0018W00001gKbuFQAS,California
https://aossm.secure.nonprofitsoapbox.com/find-a-doctor/record/0018W00001gKMa9QAG,California
https://aossm.secure.nonprofitsoapbox.com/find-a-doctor/record/0018W00001gJuPuQAK,California
https://aossm.secure.nonprofitsoapbox.com/find-a-doctor/record/0018W00001gKTETQA4,California
https://aossm.secure.nonprofitsoapbox.com/find-a-doctor/record/0018W00001gKMBTQA4,California
https://aossm.secure.nonprofitsoapbox.com/find-a-doctor/record/0018W00001gKA7wQAG,California
https://aossm.secure.nonprofitsoapbox.com/find-a-doctor/record/0018W00001gKl9IQAS,California
https://aossm.secure.nonprofitsoapbox.com/find-a-doctor/record/0018W00001gKgjcQAC,California
https://aossm.secure.nonprofitsoapbox.com/find-a-doctor/record/0018W00001gKhBdQAK,California
https://aossm.secure.nonprofitsoapbox.com/find-a-doctor/record/0018W00001gKb0IQAS,California
https://aossm.secure.nonprofitsoapbox.com/find-a-doctor/record/0018W00001gKCcsQAG,California
https://aossm.secure.nonprofitsoapbox.com/find-a-doctor/record/0018W00001gKH9iQAG,California
https://aossm.secure.nonprofitsoapbox.com/find-a-doctor/record/0018W00001gJqrLQAS,California
https://aossm.secure.nonprofitsoapbox.com/find-a-doctor/record/0018W00001gJzm4QAC,California
https://aossm.secure.nonprofitsoapbox.com/find-a-doctor/record/0018W00001gKGXJQA4,California
https://aossm.secure.nonprofitsoapbox.com/find-a-doctor/record/0018W00001gKU8VQAW,California
https://aossm.secure.nonprofitsoapbox.com/find-a-doctor/record/0018W00001gKMaKQAW,California
https://aossm.secure.nonprofitsoapbox.com/find-a-doctor/record/0018W00001gJphdQAC,California
https://aossm.secure.nonprofitsoapbox.com/find-a-doctor/record/0018W00001gKKfbQAG,California
https://aossm.secure.nonprofitsoapbox.com/find-a-doctor/record/0018W00001gKi02QAC,California
https://aossm.secure.nonprofitsoapbox.com/find-a-doctor/record/0018W00001gKLZHQA4,California
https://aossm.secure.nonprofitsoapbox.com/find-a-doctor/record/0018W00001gJqpaQAC,California
https://aossm.secure.nonprofitsoapbox.com/find-a-doctor/record/0018W00001gKkFDQA0,California
https://aossm.secure.nonprofitsoapbox.com/find-a-doctor/record/0018W00001gKiJWQA0,California
https://aossm.secure.nonprofitsoapbox.com/find-a-doctor/record/0018W00001gKLzuQAG,California
https://aossm.secure.nonprofitsoapbox.com/find-a-doctor/record/0018W00001gKDYRQA4,California
https://aossm.secure.nonprofitsoapbox.com/find-a-doctor/record/0018W00001gKTgkQAG,California
https://aossm.secure.nonprofitsoapbox.com/find-a-doctor/record/0018W00001shQ9tQAE,California
https://aossm.secure.nonprofitsoapbox.com/find-a-doctor/record/0018W00001gKch8QAC,California
https://aossm.secure.nonprofitsoapbox.com/find-a-doctor/record/0018W00001gKgMoQAK,California
https://aossm.secure.nonprofitsoapbox.com/find-a-doctor/record/0018W00001gJzoVQAS,California
https://aossm.secure.nonprofitsoapbox.com/find-a-doctor/record/0018W00001gKeVsQAK,California
https://aossm.secure.nonprofitsoapbox.com/find-a-doctor/record/0018W00001gKLZUQA4,California
https://aossm.secure.nonprofitsoapbox.com/find-a-doctor/record/0018W00001gKcUpQAK,California
https://aossm.secure.nonprofitsoapbox.com/find-a-doctor/record/0018W00001gKESiQAO,California
https://aossm.secure.nonprofitsoapbox.com/find-a-doctor/record/0018W00001gKMBfQAO,California
https://aossm.secure.nonprofitsoapbox.com/find-a-doctor/record/0018W00001gKhwoQAC,California
https://aossm.secure.nonprofitsoapbox.com/find-a-doctor/record/0018W00001gKix6QAC,California
https://aossm.secure.nonprofitsoapbox.com/find-a-doctor/record/0018W00001gKnM3QAK,California
https://aossm.secure.nonprofitsoapbox.com/find-a-doctor/record/0018W00001gKZHbQAO,California
https://aossm.secure.nonprofitsoapbox.com/find-a-doctor/record/0018W00001gKiJSQA0,California
https://aossm.secure.nonprofitsoapbox.com/find-a-doctor/record/0018W00001gKiwwQAC,California
https://aossm.secure.nonprofitsoapbox.com/find-a-doctor/record/0018W00001gKYhFQAW,California
https://aossm.secure.nonprofitsoapbox.com/find-a-doctor/record/0018W00001gK9NmQAK,California
https://aossm.secure.nonprofitsoapbox.com/find-a-doctor/record/0018W000022Aew3QAC,California
https://aossm.secure.nonprofitsoapbox.com/find-a-doctor/record/0018W00001gKO1fQAG,California
https://aossm.secure.nonprofitsoapbox.com/find-a-doctor/record/0018W00001gKcYOQA0,California
https://aossm.secure.nonprofitsoapbox.com/find-a-doctor/record/0018W00001gJuNVQA0,California
https://aossm.secure.nonprofitsoapbox.com/find-a-doctor/record/0018W00001gKDtZQAW,California
https://aossm.secure.nonprofitsoapbox.com/find-a-doctor/record/0018W00001gKg8tQAC,California
https://aossm.secure.nonprofitsoapbox.com/find-a-doctor/record/0018W00001gJuNaQAK,California
https://aossm.secure.nonprofitsoapbox.com/find-a-doctor/record/0018W00001gJtqIQAS,California
https://aossm.secure.nonprofitsoapbox.com/find-a-doctor/record/0018W00001gJuJnQAK,California
https://aossm.secure.nonprofitsoapbox.com/find-a-doctor/record/0018W000027hwK8QAI,California
https://aossm.secure.nonprofitsoapbox.com/find-a-doctor/record/0018W00001gKk6RQAS,California
https://aossm.secure.nonprofitsoapbox.com/find-a-doctor/record/0018W00001gKWRiQAO,California
https://aossm.secure.nonprofitsoapbox.com/find-a-doctor/record/0018W00001gKDmCQAW,California
https://aossm.secure.nonprofitsoapbox.com/find-a-doctor/record/0018W00001gKZOLQA4,California
https://aossm.secure.nonprofitsoapbox.com/find-a-doctor/record/0018W00001gKjtWQAS,California
https://aossm.secure.nonprofitsoapbox.com/find-a-doctor/record/0018W00001gKi1yQAC,California
https://aossm.secure.nonprofitsoapbox.com/find-a-doctor/record/0018W00001gKVMXQA4,California
https://aossm.secure.nonprofitsoapbox.com/find-a-doctor/record/0018W00001gKVJhQAO,California
https://aossm.secure.nonprofitsoapbox.com/find-a-doctor/record/0018W00001gJzn2QAC,California
https://aossm.secure.nonprofitsoapbox.com/find-a-doctor/record/0018W00001gJrYhQAK,California
https://aossm.secure.nonprofitsoapbox.com/find-a-doctor/record/0018W00001gKcT0QAK,California
https://aossm.secure.nonprofitsoapbox.com/find-a-doctor/record/0018W00001gKVLSQA4,California
https://aossm.secure.nonprofitsoapbox.com/find-a-doctor/record/0018W00001gKKfcQAG,California
